{
    "name": "root",
    "metadata": {
        "timer_format_version": "0.1.0",
        "start_time_seconds": "1777203004",
        "python_version": "3.10.12 | packaged by Anaconda, Inc. | (main, Jul  5 2023, 19:01:18) [MSC v.1916 64 bit (AMD64)]",
        "command_line_arguments": "C:\\Users\\david\\miniconda3\\envs\\mlagents\\Scripts\\mlagents-learn config/RobotReacher.yaml --run-id=robotKovet01 --force --torch-device=cpu",
        "mlagents_version": "1.2.0.dev0",
        "mlagents_envs_version": "1.2.0.dev0",
        "communication_protocol_version": "1.5.0",
        "pytorch_version": "2.2.2+cu121",
        "numpy_version": "1.23.5",
        "end_time_seconds": "1777203558"
    },
    "total": 553.7679524999694,
    "count": 1,
    "self": 0.009386499936226755,
    "children": {
        "run_training.setup": {
            "total": 0.12370490003377199,
            "count": 1,
            "self": 0.12370490003377199
        },
        "TrainerController.start_learning": {
            "total": 553.6348610999994,
            "count": 1,
            "self": 0.9699278044863604,
            "children": {
                "TrainerController._reset_env": {
                    "total": 10.680842500005383,
                    "count": 1,
                    "self": 10.680842500005383
                },
                "TrainerController.advance": {
                    "total": 541.8578759954544,
                    "count": 36067,
                    "self": 0.4595591966644861,
                    "children": {
                        "env_step": {
                            "total": 541.3983167987899,
                            "count": 36067,
                            "self": 418.64117760478985,
                            "children": {
                                "SubprocessEnvManager._take_step": {
                                    "total": 122.24429719691398,
                                    "count": 36067,
                                    "self": 3.067120098217856,
                                    "children": {
                                        "TorchPolicy.evaluate": {
                                            "total": 119.17717709869612,
                                            "count": 36067,
                                            "self": 119.17717709869612
                                        }
                                    }
                                },
                                "workers": {
                                    "total": 0.5128419970860705,
                                    "count": 36066,
                                    "self": 0.0,
                                    "children": {
                                        "worker_root": {
                                            "total": 479.85802460147534,
                                            "count": 36066,
                                            "is_parallel": true,
                                            "self": 202.6314139997121,
                                            "children": {
                                                "steps_from_proto": {
                                                    "total": 0.00059710000641644,
                                                    "count": 1,
                                                    "is_parallel": true,
                                                    "self": 0.00016220001270994544,
                                                    "children": {
                                                        "_process_rank_one_or_two_observation": {
                                                            "total": 0.00043489999370649457,
                                                            "count": 2,
                                                            "is_parallel": true,
                                                            "self": 0.00043489999370649457
                                                        }
                                                    }
                                                },
                                                "UnityEnvironment.step": {
                                                    "total": 277.2260135017568,
                                                    "count": 36066,
                                                    "is_parallel": true,
                                                    "self": 5.481470802857075,
                                                    "children": {
                                                        "UnityEnvironment._generate_step_input": {
                                                            "total": 8.230503598868381,
                                                            "count": 36066,
                                                            "is_parallel": true,
                                                            "self": 8.230503598868381
                                                        },
                                                        "communicator.exchange": {
                                                            "total": 250.33671969914576,
                                                            "count": 36066,
                                                            "is_parallel": true,
                                                            "self": 250.33671969914576
                                                        },
                                                        "steps_from_proto": {
                                                            "total": 13.177319400885608,
                                                            "count": 36066,
                                                            "is_parallel": true,
                                                            "self": 3.5134014977375045,
                                                            "children": {
                                                                "_process_rank_one_or_two_observation": {
                                                                    "total": 9.663917903148104,
                                                                    "count": 72132,
                                                                    "is_parallel": true,
                                                                    "self": 9.663917903148104
                                                                }
                                                            }
                                                        }
                                                    }
                                                }
                                            }
                                        }
                                    }
                                }
                            }
                        }
                    }
                },
                "TrainerController._save_models": {
                    "total": 0.12621480005327612,
                    "count": 1,
                    "self": 0.002230500103905797,
                    "children": {
                        "RLTrainer._checkpoint": {
                            "total": 0.12398429994937032,
                            "count": 1,
                            "self": 0.12398429994937032
                        }
                    }
                }
            }
        }
    }
}