{
    "name": "root",
    "gauges": {
        "RobotReacher.Policy.Entropy.mean": {
            "value": -0.4319410026073456,
            "min": -0.43198612332344055,
            "max": -0.34129443764686584,
            "count": 150
        },
        "RobotReacher.Policy.Entropy.sum": {
            "value": -8728.6640625,
            "min": -8948.7880859375,
            "max": -6670.6630859375,
            "count": 150
        },
        "RobotReacher.Environment.EpisodeLength.mean": {
            "value": 365.96153846153845,
            "min": 302.3673469387755,
            "max": 456.75,
            "count": 150
        },
        "RobotReacher.Environment.EpisodeLength.sum": {
            "value": 19030.0,
            "min": 14816.0,
            "max": 23551.0,
            "count": 150
        },
        "RobotReacher.Step.mean": {
            "value": 15999993.0,
            "min": 13019988.0,
            "max": 15999993.0,
            "count": 150
        },
        "RobotReacher.Step.sum": {
            "value": 15999993.0,
            "min": 13019988.0,
            "max": 15999993.0,
            "count": 150
        },
        "RobotReacher.Policy.ExtrinsicValueEstimate.mean": {
            "value": -0.37133872509002686,
            "min": -0.42715638875961304,
            "max": 0.8027284741401672,
            "count": 150
        },
        "RobotReacher.Policy.ExtrinsicValueEstimate.sum": {
            "value": -63.12758255004883,
            "min": -71.76227569580078,
            "max": 137.26657104492188,
            "count": 150
        },
        "RobotReacher.Environment.CumulativeReward.mean": {
            "value": -0.4277146498744304,
            "min": -1.5795785754241727,
            "max": 0.22613470592806417,
            "count": 150
        },
        "RobotReacher.Environment.CumulativeReward.sum": {
            "value": -22.241161793470383,
            "min": -74.81371023412794,
            "max": 14.020351767539978,
            "count": 150
        },
        "RobotReacher.Policy.ExtrinsicReward.mean": {
            "value": -0.4277146498744304,
            "min": -1.5795785754241727,
            "max": 0.22613470592806417,
            "count": 150
        },
        "RobotReacher.Policy.ExtrinsicReward.sum": {
            "value": -22.241161793470383,
            "min": -74.81371023412794,
            "max": 14.020351767539978,
            "count": 150
        },
        "RobotReacher.IsTraining.mean": {
            "value": 1.0,
            "min": 1.0,
            "max": 1.0,
            "count": 150
        },
        "RobotReacher.IsTraining.sum": {
            "value": 1.0,
            "min": 1.0,
            "max": 1.0,
            "count": 150
        },
        "RobotReacher.Losses.PolicyLoss.mean": {
            "value": 0.03238778061659105,
            "min": 0.029513012158713537,
            "max": 0.041053673936494305,
            "count": 145
        },
        "RobotReacher.Losses.PolicyLoss.sum": {
            "value": 0.03238778061659105,
            "min": 0.029513012158713537,
            "max": 0.041053673936494305,
            "count": 145
        },
        "RobotReacher.Losses.ValueLoss.mean": {
            "value": 0.09990852710325271,
            "min": 0.027111082681221886,
            "max": 0.09990852710325271,
            "count": 145
        },
        "RobotReacher.Losses.ValueLoss.sum": {
            "value": 0.09990852710325271,
            "min": 0.027111082681221886,
            "max": 0.09990852710325271,
            "count": 145
        },
        "RobotReacher.Policy.LearningRate.mean": {
            "value": 3.70243626618746e-07,
            "min": 3.70243626618746e-07,
            "max": 5.5858506380524975e-05,
            "count": 145
        },
        "RobotReacher.Policy.LearningRate.sum": {
            "value": 3.70243626618746e-07,
            "min": 3.70243626618746e-07,
            "max": 5.5858506380524975e-05,
            "count": 145
        },
        "RobotReacher.Policy.Epsilon.mean": {
            "value": 0.10012338125,
            "min": 0.10012338125,
            "max": 0.118619475,
            "count": 145
        },
        "RobotReacher.Policy.Epsilon.sum": {
            "value": 0.10012338125,
            "min": 0.10012338125,
            "max": 0.118619475,
            "count": 145
        },
        "RobotReacher.Policy.Beta.mean": {
            "value": 1.1221474374999986e-05,
            "min": 1.1221474374999986e-05,
            "max": 0.0001943328025,
            "count": 145
        },
        "RobotReacher.Policy.Beta.sum": {
            "value": 1.1221474374999986e-05,
            "min": 1.1221474374999986e-05,
            "max": 0.0001943328025,
            "count": 145
        }
    },
    "metadata": {
        "timer_format_version": "0.1.0",
        "start_time_seconds": "1778078481",
        "python_version": "3.10.12 | packaged by Anaconda, Inc. | (main, Jul  5 2023, 19:01:18) [MSC v.1916 64 bit (AMD64)]",
        "command_line_arguments": "C:\\Users\\david\\miniconda3\\envs\\mlagents\\Scripts\\mlagents-learn config/RobotReacher.yaml --run-id=projekt02 --torch-device=cpu --resume",
        "mlagents_version": "1.2.0.dev0",
        "mlagents_envs_version": "1.2.0.dev0",
        "communication_protocol_version": "1.5.0",
        "pytorch_version": "2.2.2+cu121",
        "numpy_version": "1.23.5",
        "end_time_seconds": "1778081287"
    },
    "total": 2806.5916964000207,
    "count": 1,
    "self": 0.15146810008445755,
    "children": {
        "run_training.setup": {
            "total": 0.22682539996458218,
            "count": 1,
            "self": 0.22682539996458218
        },
        "TrainerController.start_learning": {
            "total": 2806.2134028999717,
            "count": 1,
            "self": 3.90167900652159,
            "children": {
                "TrainerController._reset_env": {
                    "total": 29.28932119999081,
                    "count": 1,
                    "self": 29.28932119999081
                },
                "TrainerController.advance": {
                    "total": 2772.813172193477,
                    "count": 130771,
                    "self": 1.7866112094488926,
                    "children": {
                        "env_step": {
                            "total": 2771.026560984028,
                            "count": 130771,
                            "self": 2173.751757567632,
                            "children": {
                                "SubprocessEnvManager._take_step": {
                                    "total": 595.0516363995848,
                                    "count": 130771,
                                    "self": 10.896025199384894,
                                    "children": {
                                        "TorchPolicy.evaluate": {
                                            "total": 584.1556112001999,
                                            "count": 125049,
                                            "self": 584.1556112001999
                                        }
                                    }
                                },
                                "workers": {
                                    "total": 2.223167016811203,
                                    "count": 130771,
                                    "self": 0.0,
                                    "children": {
                                        "worker_root": {
                                            "total": 2775.7781295083696,
                                            "count": 130771,
                                            "is_parallel": true,
                                            "self": 1532.0939504087437,
                                            "children": {
                                                "steps_from_proto": {
                                                    "total": 0.014771999965887517,