{
    "name": "root",
    "gauges": {
        "RobotReacher.Policy.Entropy.mean": {
            "value": -0.341291606426239,
            "min": -0.341291606426239,
            "max": -0.3386572003364563,
            "count": 29
        },
        "RobotReacher.Policy.Entropy.sum": {
            "value": -6749.3828125,
            "min": -7155.6865234375,
            "max": -4323.97509765625,
            "count": 29
        },
        "RobotReacher.Environment.EpisodeLength.mean": {
            "value": 229.48235294117646,
            "min": 92.93478260869566,
            "max": 285.6164383561644,
            "count": 29
        },
        "RobotReacher.Environment.EpisodeLength.sum": {
            "value": 19506.0,
            "min": 4275.0,
            "max": 22667.0,
            "count": 29
        },
        "RobotReacher.Step.mean": {
            "value": 12999958.0,
            "min": 12439879.0,
            "max": 12999958.0,
            "count": 29
        },
        "RobotReacher.Step.sum": {
            "value": 12999958.0,
            "min": 12439879.0,
            "max": 12999958.0,
            "count": 29
        },
        "RobotReacher.Policy.ExtrinsicValueEstimate.mean": {
            "value": 0.34541159868240356,
            "min": 0.22194775938987732,
            "max": 0.712544322013855,
            "count": 29
        },
        "RobotReacher.Policy.ExtrinsicValueEstimate.sum": {
            "value": 67.00984954833984,
            "min": 40.394493103027344,
            "max": 99.7392578125,
            "count": 29
        },
        "RobotReacher.Environment.CumulativeReward.mean": {
            "value": 1.009744014985421,
            "min": 0.38599944912212,
            "max": 2.5197012397978042,
            "count": 29
        },
        "RobotReacher.Environment.CumulativeReward.sum": {
            "value": 85.8282412737608,
            "min": 27.405960887670517,
            "max": 113.38655579090118,
            "count": 29
        },
        "RobotReacher.Policy.ExtrinsicReward.mean": {
            "value": 1.009744014985421,
            "min": 0.38599944912212,
            "max": 2.5197012397978042,
            "count": 29
        },
        "RobotReacher.Policy.ExtrinsicReward.sum": {
            "value": 85.8282412737608,
            "min": 27.405960887670517,
            "max": 113.38655579090118,
            "count": 29
        },
        "RobotReacher.IsTraining.mean": {
            "value": 1.0,
            "min": 1.0,
            "max": 1.0,
            "count": 29
        },
        "RobotReacher.IsTraining.sum": {
            "value": 1.0,
            "min": 1.0,
            "max": 1.0,
            "count": 29
        },
        "RobotReacher.Losses.PolicyLoss.mean": {
            "value": 0.036283762790571925,
            "min": 0.031089017677732044,
            "max": 0.039231529235257766,
            "count": 27
        },
        "RobotReacher.Losses.PolicyLoss.sum": {
            "value": 0.036283762790571925,
            "min": 0.031089017677732044,
            "max": 0.039231529235257766,
            "count": 27
        },
        "RobotReacher.Losses.ValueLoss.mean": {
            "value": 0.09520112569443881,
            "min": 0.0641941448673606,
            "max": 0.12184505357872695,
            "count": 27
        },
        "RobotReacher.Losses.ValueLoss.sum": {
            "value": 0.09520112569443881,
            "min": 0.0641941448673606,
            "max": 0.12184505357872695,
            "count": 27
        },
        "RobotReacher.Policy.LearningRate.mean": {
            "value": 3.244229688153798e-07,
            "min": 3.244229688153798e-07,
            "max": 1.2664757316907692e-05,
            "count": 27
        },
        "RobotReacher.Policy.LearningRate.sum": {
            "value": 3.244229688153798e-07,
            "min": 3.244229688153798e-07,
            "max": 1.2664757316907692e-05,
            "count": 27
        },
        "RobotReacher.Policy.Epsilon.mean": {
            "value": 0.10010810769230769,
            "min": 0.10010810769230769,
            "max": 0.10422155384615385,
            "count": 27
        },
        "RobotReacher.Policy.Epsilon.sum": {
            "value": 0.10010810769230769,
            "min": 0.10010810769230769,
            "max": 0.10422155384615385,
            "count": 27
        },
        "RobotReacher.Policy.Beta.mean": {
            "value": 1.107026615384614e-05,
            "min": 1.107026615384614e-05,
            "max": 5.17933830769231e-05,
            "count": 27
        },
        "RobotReacher.Policy.Beta.sum": {
            "value": 1.107026615384614e-05,
            "min": 1.107026615384614e-05,
            "max": 5.17933830769231e-05,
            "count": 27
        }
    },
    "metadata": {
        "timer_format_version": "0.1.0",
        "start_time_seconds": "1777490622",
        "python_version": "3.10.12 | packaged by Anaconda, Inc. | (main, Jul  5 2023, 19:01:18) [MSC v.1916 64 bit (AMD64)]",
        "command_line_arguments": "C:\\Users\\david\\miniconda3\\envs\\mlagents\\Scripts\\mlagents-learn config/RobotReacher.yaml --run-id=projekt02 --torch-device=cpu --resume",
        "mlagents_version": "1.2.0.dev0",
        "mlagents_envs_version": "1.2.0.dev0",
        "communication_protocol_version": "1.5.0",
        "pytorch_version": "2.2.2+cu121",
        "numpy_version": "1.23.5",
        "end_time_seconds": "1777491058"
    },
    "total": 432.16400230000727,
    "count": 1,
    "self": 0.010360900007071905,
    "children": {
        "run_training.setup": {
            "total": 0.12358460000541527,
            "count": 1,
            "self": 0.12358460000541527
        },
        "TrainerController.start_learning": {
            "total": 432.0300567999948,
            "count": 1,
            "self": 0.41760739967867266,
            "children": {
                "TrainerController._reset_env": {
                    "total": 16.107131700002356,
                    "count": 1,
                    "self": 16.107131700002356
                },
                "TrainerController.advance": {
                    "total": 415.43111340030737,
                    "count": 13538,
                    "self": 0.20348050062602852,
                    "children": {
                        "env_step": {
                            "total": 415.22763289968134,
                            "count": 13538,
                            "self": 354.32671789996675,
                            "children": {
                                "SubprocessEnvManager._take_step": {
                                    "total": 60.681986100418726,
                                    "count": 13538,
                                    "self": 1.2291865011065966,
                                    "children": {
                                        "TorchPolicy.evaluate": {
                                            "total": 59.45279959931213,
                                            "count": 11946,
                                            "self": 59.45279959931213
                                        }
                                    }
                                },
                                "workers": {
                                    "total": 0.2189288992958609,
                                    "count": 13538,
                                    "self": 0.0,
                                    "children": {
                                        "worker_root": {
                                            "total": 417.85635219978576,
                                            "count": 13538,
                                            "is_parallel": true,
                                            "self": 243.8804259996541,