{"count":1,"self":678.481408,"total":2782.5301666,"children":{"InitializeActuators":{"count":24,"self":0.0020727,"total":0.0020727,"children":null},"InitializeSensors":{"count":24,"self":0.0020989999999999997,"total":0.0020989999999999997,"children":null},"AgentSendState":{"count":500201,"self":9.7023704,"total":68.639245199999991,"children":{"CollectObservations":{"count":3001224,"self":24.0851296,"total":24.0851291,"children":null},"WriteActionMask":{"count":3001224,"self":1.7249202,"total":1.7249202,"children":null},"RequestDecision":{"count":3001224,"self":7.0745488,"total":33.1268257,"children":{"AgentInfo.ToProto":{"count":3001224,"self":6.0887924,"total":26.0522773,"children":{"GenerateSensorData":{"count":3001224,"self":19.9634848,"total":19.963484899999997,"children":null}}}}}}},"DecideAction":{"count":500201,"self":1971.7693439999998,"total":1971.7692488999999,"children":null},"AgentAct":{"count":500201,"self":63.4935808,"total":63.5732876,"children":{"AgentInfo.ToProto":{"count":4900,"self":0.023722899999999998,"total":0.079707,"children":{"GenerateSensorData":{"count":4900,"self":0.055984099999999995,"total":0.055984099999999995,"children":null}}}}},"AgentInfo.ToProto":{"count":2885,"self":0.026357199999999997,"total":0.0618221,"children":{"GenerateSensorData":{"count":2885,"self":0.0354649,"total":0.0354649,"children":null}}}},"gauges":{"RobotReacher.CumulativeReward":{"count":7785,"max":10.1596127,"min":-11.6413784,"runningAverage":-0.5802951,"value":-3.21629548,"weightedAverage":-1.5128442}},"metadata":{"timer_format_version":"0.1.0","start_time_seconds":"1778078505","unity_version":"6000.3.11f1","command_line_arguments":"C:\\Program Files\\Unity\\Hub\\Editor\\6000.3.11f1\\Editor\\Unity.exe -projectpath D:\\projektfeladat\\unity_projektek\\ProjektFeladat -acceptSoftwareTermsForThisRunOnly -useHub -hubIPC -cloudEnvironment production","communication_protocol_version":"1.5.0","com.unity.ml-agents_version":"4.0.0","scene_name":"RobotTraining","end_time_seconds":"1778081288"}}